codelist,code,label,parent
sic,A,"A : Agriculture, forestry and fishing",total
sic,01,"01 : Crop and animal production, hunting and related service activities",A
sic,01-1,01.1 : Growing of non-perennial crops,01
sic,01-11,"01.11 : Growing of cereals (except rice), leguminous crops and oil seeds",01-1
sic,01-12,01.12 : Growing of rice,01-1
sic,01-13,"01.13 : Growing of vegetables and melons, roots and tubers",01-1
sic,01-14,01.14 : Growing of sugar cane,01-1
sic,01-15,01.15 : Growing of tobacco,01-1
sic,01-16,01.16 : Growing of fibre crops,01-1
sic,01-19,01.19 : Growing of other non-perennial crops,01-1
sic,01-2,01.2 : Growing of perennial crops,01
sic,01-21,01.21 : Growing of grapes,01-2
sic,01-22,01.22 : Growing of tropical and subtropical fruits,01-2
sic,01-23,01.23 : Growing of citrus fruits,01-2
sic,01-24,01.24 : Growing of pome fruits and stone fruits,01-2
sic,01-25,01.25 : Growing of other tree and bush fruits and nuts,01-2
sic,01-26,01.26 : Growing of oleaginous fruits,01-2
sic,01-27,01.27 : Growing of beverage crops,01-2
sic,01-28,"01.28 : Growing of spices, aromatic, drug and pharmaceutical crops",01-2
sic,01-29,01.29 : Growing of other perennial crops,01-2
sic,01-3,01.3 : Plant propagation,01
sic,01-30,01.30 : Plant propagation,01-3
sic,01-4,01.4 : Animal production,01
sic,01-41,01.41 : Raising of dairy cattle,01-4
sic,01-42,01.42 : Raising of other cattle and buffaloes,01-4
sic,01-43,01.43 : Raising of horses and other equines,01-4
sic,01-44,01.44 : Raising of camels and camelids,01-4
sic,01-45,01.45 : Raising of sheep and goats,01-4
sic,01-46,01.46 : Raising of swine/pigs,01-4
sic,01-47,01.47 : Raising of poultry,01-4
sic,01-49,01.49 : Raising of other animals,01-4
sic,01-5,01.5 : Mixed farming,01
sic,01-50,01.50 : Mixed farming,01-5
sic,01-6,01.6 : Support activities to agriculture and post-harvest crop activities,01
sic,01-61,01.61 : Support activities for crop production,01-6
sic,01-62,01.62 : Support activities for animal production,01-6
sic,01-621,01.62/1 : Farm animal boarding and care,01-62
sic,01-629,01.62/9 : Support activities for animal production (other than farm animal boarding and care) n.e.c.,01-62
sic,01-63,01.63 : Post-harvest crop activities,01-6
sic,01-64,01.64 : Seed processing for propagation,01-6
sic,01-7,"01.7 : Hunting, trapping and related service activities",01
sic,01-70,"01.70 : Hunting, trapping and related service activities",01-7
sic,02,02 : Forestry and logging,A
sic,02-1,02.1 : Silviculture and other forestry activities,02
sic,02-10,02.10 : Silviculture and other forestry activities,02-1
sic,02-2,02.2 : Logging,02
sic,02-20,02.20 : Logging,02-2
sic,02-3,02.3 : Gathering of wild growing non-wood products,02
sic,02-30,02.30 : Gathering of wild growing non-wood products,02-3
sic,02-4,02.4 : Support services to forestry,02
sic,02-40,02.40 : Support services to forestry,02-4
sic,03,03 : Fishing and aquaculture,A
sic,03-1,03.1 : Fishing,03
sic,03-11,03.11 : Marine fishing,03-1
sic,03-12,03.12 : Freshwater fishing,03-1
sic,03-2,03.2 : Aquaculture,03
sic,03-21,03.21 : Marine aquaculture,03-2
sic,03-22,03.22 : Freshwater aquaculture,03-2
sic,B,B : Mining and quarrying,total
sic,05,05 : Mining of coal and lignite,B
sic,05-1,05.1 : Mining of hard coal,05
sic,05-10,05.10 : Mining of hard coal,05-1
sic,05-101,05.10/1 : Mining of hard coal from deep coal mines (underground mining),05-10
sic,05-102,05.10/2 : Mining of hard coal from open cast coal working (surface mining),05-10
sic,05-2,05.2 : Mining of lignite,05
sic,05-20,05.20 : Mining of lignite,05-2
sic,06,06 : Extraction of crude petroleum and natural gas,B
sic,06-1,06.1 : Extraction of crude petroleum,06
sic,06-10,06.10 : Extraction of crude petroleum,06-1
sic,06-2,06.2 : Extraction of natural gas,06
sic,06-20,06.20 : Extraction of natural gas,06-2
sic,07,07 : Mining of metal ores,B
sic,07-1,07.1 : Mining of iron ores,07
sic,07-10,07.10 : Mining of iron ores,07-1
sic,07-2,07.2 : Mining of non-ferrous metal ores,07
sic,07-21,07.21 : Mining of uranium and thorium ores,07-2
sic,07-29,07.29 : Mining of other non-ferrous metal ores,07-2
sic,08,08 : Other mining and quarrying,B
sic,08-1,"08.1 : Quarrying of stone, sand and clay",08
sic,08-11,"08.11 : Quarrying of ornamental and building stone, limestone, gypsum, chalk and slate",08-1
sic,08-12,08.12 : Operation of gravel and sand pits,08-1
sic,08-9,08.9 : Mining and quarrying n.e.c.,08
sic,08-91,08.91 : Mining of chemical and fertiliser minerals,08-9
sic,08-92,08.92 : Extraction of peat,08-9
sic,08-93,08.93 : Extraction of salt,08-9
sic,08-99,08.99 : Other mining and quarrying n.e.c.,08-9
sic,09,09 : Mining support service activities,B
sic,09-1,09.1 : Support activities for petroleum and natural gas extraction,09
sic,09-10,09.10 : Support activities for petroleum and natural gas extraction,09-1
sic,09-9,09.9 : Support activities for other mining and quarrying,09
sic,09-90,09.90 : Support activities for other mining and quarrying,09-9
sic,C,C : Manufacturing,total
sic,10,10 : Manufacture of food products,C
sic,10-1,10.1 : Processing and preserving of meat and production of meat products,10
sic,10-11,10.11 : Processing and preserving of meat,10-1
sic,10-12,10.12 : Processing and preserving of poultry meat,10-1
sic,10-13,10.13 : Production of meat and poultry meat products,10-1
sic,10-2,"10.2 : Processing and preserving of fish, crustaceans and molluscs",10
sic,10-20,"10.20 : Processing and preserving of fish, crustaceans and molluscs",10-2
sic,10-3,10.3 : Processing and preserving of fruit and vegetables,10
sic,10-31,10.31 : Processing and preserving of potatoes,10-3
sic,10-32,10.32 : Manufacture of fruit and vegetable juice,10-3
sic,10-39,10.39 : Other processing and preserving of fruit and vegetables,10-3
sic,10-4,10.4 : Manufacture of vegetable and animal oils and fats,10
sic,10-41,10.41 : Manufacture of oils and fats,10-4
sic,10-42,10.42 : Manufacture of margarine and similar edible fats,10-4
sic,10-5,10.5 : Manufacture of dairy products,10
sic,10-51,10.51 : Operation of dairies and cheese making,10-5
sic,10-511,10.51/1 : Liquid milk and cream production,10-51
sic,10-512,10.51/2 : Butter and cheese production,10-51
sic,10-519,"10.51/9 : Manufacture of milk products (other than liquid milk and cream, butter, cheese) n.e.c.",10-51
sic,10-52,10.52 : Manufacture of ice cream,10-5
sic,10-6,"10.6 : Manufacture of grain mill products, starches and starch products",10
sic,10-61,10.61 : Manufacture of grain mill products,10-6
sic,10-611,10.61/1 : Grain milling,10-61
sic,10-612,10.61/2 : Manufacture of breakfast cereals and cereals-based foods,10-61
sic,10-62,10.62 : Manufacture of starches and starch products,10-6
sic,10-7,10.7 : Manufacture of bakery and farinaceous products,10
sic,10-71,10.71 : Manufacture of bread,10-7
sic,10-72,10.72 : Manufacture of rusks and biscuits,10-7
sic,10-73,"10.73 : Manufacture of macaroni, noodles, couscous and similar farinaceous products",10-7
sic,10-8,10.8 : Manufacture of other food products,10
sic,10-81,10.81 : Manufacture of sugar,10-8
sic,10-82,"10.82 : Manufacture of cocoa, chocolate and sugar confectionery",10-8
sic,10-821,"10.82/1 : Manufacture of cocoa, and chocolate confectionery",10-82
sic,10-822,10.82/2 : Manufacture of sugar confectionery,10-82
sic,10-83,10.83 : Processing of tea and coffee,10-8
sic,10-831,10.83/1 : Tea processing,10-83
sic,10-832,10.83/2 : Production of coffee and coffee substitutes,10-83
sic,10-84,10.84 : Manufacture of condiments and seasonings,10-8
sic,10-85,10.85 : Manufacture of prepared meals and dishes,10-8
sic,10-86,10.86 : Manufacture of homogenised food preparations and dietetic food,10-8
sic,10-89,10.89 : Manufacture of other food products n.e.c.,10-8
sic,10-9,10.9 : Manufacture of prepared animal feeds,10
sic,10-91,10.91 : Manufacture of prepared feeds for farm animals,10-9
sic,10-92,10.92 : Manufacture of prepared pet foods,10-9
sic,11,11 : Manufacture of beverages,C
sic,11-0,11.0 : Manufacture of beverages,11
sic,11-01,"11.01 : Distilling, rectifying and blending of spirits",11-0
sic,11-02,11.02 : Manufacture of wine from grape,11-0
sic,11-03,11.03 : Manufacture of cider and other fruit wines,11-0
sic,11-04,11.04 : Manufacture of other non-distilled fermented beverages,11-0
sic,11-05,11.05 : Manufacture of beer,11-0
sic,11-06,11.06 : Manufacture of malt,11-0
sic,11-07,11.07 : Manufacture of soft drinks,11-0
sic,12,12 : Manufacture of tobacco products,C
sic,12-0,12.0 : Manufacture of tobacco products,12
sic,12-00,12.00 : Manufacture of tobacco products,12-0
sic,13,13 : Manufacture of textiles,C
sic,13-1,13.1 : Preparation and spinning of textile fibres,13
sic,13-10,13.10 : Preparation and spinning of textile fibres,13-1
sic,13-2,13.2 : Weaving of textiles,13
sic,13-20,13.20 : Weaving of textiles,13-2
sic,13-3,13.3 : Finishing of textiles,13
sic,13-30,13.30 : Finishing of textiles,13-3
sic,13-9,13.9 : Manufacture of other textiles,13
sic,13-91,13.91 : Manufacture of knitted and crocheted fabrics,13-9
sic,13-92,"13.92 : Manufacture of made-up textile articles, except apparel",13-9
sic,13-921,13.92/1 : Manufacture of soft furnishings,13-92
sic,13-922,"13.92/2 : Manufacture of canvas goods, sacks etc.",13-92
sic,13-923,13.92/3 : Manufacture of household textiles (other than soft furnishings of 13.92/1),13-92
sic,13-93,13.93 : Manufacture of carpets and rugs,13-9
sic,13-931,13.93/1 : Manufacture of woven or tufted carpets and rugs,13-93
sic,13-939,13.93/9 : Manufacture of carpets and rugs (other than woven or tufted) n.e.c.,13-93
sic,13-94,"13.94 : Manufacture of cordage, rope, twine and netting",13-9
sic,13-95,"13.95 : Manufacture of non-wovens and articles made from non-wovens, except apparel",13-9
sic,13-96,13.96 : Manufacture of other technical and industrial textiles,13-9
sic,13-99,13.99 : Manufacture of other textiles n.e.c.,13-9
sic,14,14 : Manufacture of wearing apparel,C
sic,14-1,"14.1 : Manufacture of wearing apparel, except fur apparel",14
sic,14-11,14.11 : Manufacture of leather clothes,14-1
sic,14-12,14.12 : Manufacture of workwear,14-1
sic,14-13,14.13 : Manufacture of other outerwear,14-1
sic,14-131,"14.13/1 : Manufacture of men's outerwear, other than leather clothes and workwear",14-13
sic,14-132,"14.13/2 : Manufacture of women's outerwear, other than leather clothes and workwear",14-13
sic,14-14,14.14 : Manufacture of underwear,14-1
sic,14-141,14.14/1 : Manufacture of men's underwear,14-14
sic,14-142,14.14/2 : Manufacture of women's underwear,14-14
sic,14-19,14.19 : Manufacture of other wearing apparel and accessories,14-1
sic,14-2,14.2 : Manufacture of articles of fur,14
sic,14-20,14.20 : Manufacture of articles of fur,14-2
sic,14-3,14.3 : Manufacture of knitted and crocheted apparel,14
sic,14-31,14.31 : Manufacture of knitted and crocheted hosiery,14-3
sic,14-39,14.39 : Manufacture of other knitted and crocheted apparel,14-3
sic,15,15 : Manufacture of leather and related products,C
sic,15-1,15.1 : Tanning and dressing of leather,15
sic,15-11,15.11 : Tanning and dressing of leather,15-1
sic,15-12,"15.12 : Manufacture of luggage, handbags and the like, saddlery and harness",15-1
sic,15-2,15.2 : Manufacture of footwear,15
sic,15-20,15.20 : Manufacture of footwear,15-2
sic,16,"16 : Manufacture of wood and of products of wood and cork, except furniture",C
sic,16-1,16.1 : Sawmilling and planing of wood,16
sic,16-10,16.10 : Sawmilling and planing of wood,16-1
sic,16-2,"16.2 : Manufacture of products of wood, cork, straw and plaiting materials",16
sic,16-21,16.21 : Manufacture of veneer sheets and wood-based panels,16-2
sic,16-22,16.22 : Manufacture of assembled parquet floors,16-2
sic,16-23,16.23 : Manufacture of other builders' carpentry and joinery,16-2
sic,16-24,16.24 : Manufacture of wooden containers,16-2
sic,16-29,16.29 : Manufacture of other products of wood,16-2
sic,17,17 : Manufacture of paper and paper products,C
sic,17-1,"17.1 : Manufacture of pulp, paper and paperboard",17
sic,17-11,17.11 : Manufacture of pulp,17-1
sic,17-12,17.12 : Manufacture of paper and paperboard,17-1
sic,17-2,17.2 : Manufacture of articles of paper and paperboard,17
sic,17-21,17.21 : Manufacture of corrugated paper and paperboard and of containers of paper and paperboard,17-2
sic,17-211,17.21/1 : Manufacture of corrugated paper and paperboard,17-21
sic,17-219,17.21/9 : Manufacture of paper and paperboard containers other than sacks and bags,17-21
sic,17-22,17.22 : Manufacture of household and sanitary goods and of toilet requisites,17-2
sic,17-23,17.23 : Manufacture of paper stationery,17-2
sic,17-24,17.24 : Manufacture of wallpaper,17-2
sic,17-29,17.29 : Manufacture of other articles of paper and paperboard,17-2
sic,18,18 : Printing and reproduction of recorded media,C
sic,18-1,18.1 : Printing and service activities related to printing,18
sic,18-11,18.11 : Printing of newspapers,18-1
sic,18-12,18.12 : Other printing,18-1
sic,18-121,18.12/1 : Manufacture of printed labels,18-12
sic,18-129,18.12/9 : Printing (other than printing of newspapers and printing on labels and tags) n.e.c.,18-12
sic,18-13,18.13 : Pre-press and pre-media services,18-1
sic,18-14,18.14 : Binding and related services,18-1
sic,18-2,18.2 : Reproduction of recorded media,18
sic,18-20,18.20 : Reproduction of recorded media,18-2
sic,18-201,18.20/1 : Reproduction of sound recording,18-20
sic,18-202,18.20/2 : Reproduction of video recording,18-20
sic,18-203,18.20/3 : Reproduction of computer media,18-20
sic,19,19 : Manufacture of coke and refined petroleum products,C
sic,19-1,19.1 : Manufacture of coke oven products,19
sic,19-10,19.10 : Manufacture of coke oven products,19-1
sic,19-2,19.2 : Manufacture of refined petroleum products,19
sic,19-20,19.20 : Manufacture of refined petroleum products,19-2
sic,19-201,19.20/1 : Mineral oil refining,19-20
sic,19-209,19.20/9 : Other treatment of petroleum products (excluding mineral oil refining/petrochemicals manufacture),19-20
sic,20,20 : Manufacture of chemicals and chemical products,C
sic,20-1,"20.1 : Manufacture of basic chemicals, fertilisers and nitrogen compounds, plastics and synthetic rubber in primary forms",20
sic,20-11,20.11 : Manufacture of industrial gases,20-1
sic,20-12,20.12 : Manufacture of dyes and pigments,20-1
sic,20-13,20.13 : Manufacture of other inorganic basic chemicals,20-1
sic,20-14,20.14 : Manufacture of other organic basic chemicals,20-1
sic,20-15,20.15 : Manufacture of fertilisers and nitrogen compounds,20-1
sic,20-16,20.16 : Manufacture of plastics in primary forms,20-1
sic,20-17,20.17 : Manufacture of synthetic rubber in primary forms,20-1
sic,20-2,20.2 : Manufacture of pesticides and other agrochemical products,20
sic,20-20,20.20 : Manufacture of pesticides and other agrochemical products,20-2
sic,20-3,"20.3 : Manufacture of paints, varnishes and similar coatings, printing ink and mastics",20
sic,20-30,"20.30 : Manufacture of paints, varnishes and similar coatings, printing ink and mastics",20-3
sic,20-301,"20.30/1 : Manufacture of paints, varnishes and similar coatings, mastics and sealants",20-30
sic,20-302,20.30/2 : Manufacture of printing ink,20-30
sic,20-4,"20.4 : Manufacture of soap and detergents, cleaning and polishing preparations, perfumes and toilet preparations",20
sic,20-41,"20.41 : Manufacture of soap and detergents, cleaning and polishing preparations",20-4
sic,20-411,20.41/1 : Manufacture of soap and detergents,20-41
sic,20-412,20.41/2 : Manufacture of cleaning and polishing preparations,20-41
sic,20-42,20.42 : Manufacture of perfumes and toilet preparations,20-4
sic,20-5,20.5 : Manufacture of other chemical products,20
sic,20-51,20.51 : Manufacture of explosives,20-5
sic,20-52,20.52 : Manufacture of glues,20-5
sic,20-53,20.53 : Manufacture of essential oils,20-5
sic,20-59,20.59 : Manufacture of other chemical products n.e.c.,20-5
sic,20-6,20.6 : Manufacture of man-made fibres,20
sic,20-60,20.60 : Manufacture of man-made fibres,20-6
sic,21,21 : Manufacture of basic pharmaceutical products and pharmaceutical preparations,C
sic,21-1,21.1 : Manufacture of basic pharmaceutical products,21
sic,21-10,21.10 : Manufacture of basic pharmaceutical products,21-1
sic,21-2,21.2 : Manufacture of pharmaceutical preparations,21
sic,21-20,21.20 : Manufacture of pharmaceutical preparations,21-2
sic,22,22 : Manufacture of rubber and plastic products,C
sic,22-1,22.1 : Manufacture of rubber products,22
sic,22-11,22.11 : Manufacture of rubber tyres and tubes,22-1
sic,22-19,22.19 : Manufacture of other rubber products,22-1
sic,22-2,22.2 : Manufacture of plastics products,22
sic,22-21,"22.21 : Manufacture of plastic plates, sheets, tubes and profiles",22-2
sic,22-22,22.22 : Manufacture of plastic packing goods,22-2
sic,22-23,22.23 : Manufacture of buildersâ€™ ware of plastic,22-2
sic,22-29,22.29 : Manufacture of other plastic products,22-2
sic,23,23 : Manufacture of other non-metallic mineral products,C
sic,23-1,23.1 : Manufacture of glass and glass products,23
sic,23-11,23.11 : Manufacture of flat glass,23-1
sic,23-12,23.12 : Shaping and processing of flat glass,23-1
sic,23-13,23.13 : Manufacture of hollow glass,23-1
sic,23-14,23.14 : Manufacture of glass fibres,23-1
sic,23-19,"23.19 : Manufacture and processing of other glass, including technical glassware",23-1
sic,23-2,23.2 : Manufacture of refractory products,23
sic,23-20,23.20 : Manufacture of refractory products,23-2
sic,23-3,23.3 : Manufacture of clay building materials,23
sic,23-31,23.31 : Manufacture of ceramic tiles and flags,23-3
sic,23-32,"23.32 : Manufacture of bricks, tiles and construction products, in baked clay",23-3
sic,23-4,23.4 : Manufacture of other porcelain and ceramic products,23
sic,23-41,23.41 : Manufacture of ceramic household and ornamental articles,23-4
sic,23-42,23.42 : Manufacture of ceramic sanitary fixtures,23-4
sic,23-43,23.43 : Manufacture of ceramic insulators and insulating fittings,23-4
sic,23-44,23.44 : Manufacture of other technical ceramic products,23-4
sic,23-49,23.49 : Manufacture of other ceramic products,23-4
sic,23-5,"23.5 : Manufacture of cement, lime and plaster",23
sic,23-51,23.51 : Manufacture of cement,23-5
sic,23-52,23.52 : Manufacture of lime and plaster,23-5
sic,23-6,"23.6 : Manufacture of articles of concrete, cement and plaster",23
sic,23-61,23.61 : Manufacture of concrete products for construction purposes,23-6
sic,23-62,23.62 : Manufacture of plaster products for construction purposes,23-6
sic,23-63,23.63 : Manufacture of ready-mixed concrete,23-6
sic,23-64,23.64 : Manufacture of mortars,23-6
sic,23-65,23.65 : Manufacture of fibre cement,23-6
sic,23-69,"23.69 : Manufacture of other articles of concrete, plaster and cement",23-6
sic,23-7,"23.7 : Cutting, shaping and finishing of stone",23
sic,23-70,"23.70 : Cutting, shaping and finishing of stone",23-7
sic,23-9,23.9 : Manufacture of abrasive products and non-metallic mineral products n.e.c.,23
sic,23-91,23.91 : Production of abrasive products,23-9
sic,23-99,23.99 : Manufacture of other non-metallic mineral products n.e.c.,23-9
sic,24,24 : Manufacture of basic metals,C
sic,24-1,24.1 : Manufacture of basic iron and steel and of ferro-alloys,24
sic,24-10,24.10 : Manufacture of basic iron and steel and of ferro-alloys,24-1
sic,24-2,"24.2 : Manufacture of tubes, pipes, hollow profiles and related fittings, of steel",24
sic,24-20,"24.20 : Manufacture of tubes, pipes, hollow profiles and related fittings, of steel",24-2
sic,24-3,24.3 : Manufacture of other products of first processing of steel,24
sic,24-31,24.31 : Cold drawing of bars,24-3
sic,24-32,24.32 : Cold rolling of narrow strip,24-3
sic,24-33,24.33 : Cold forming or folding,24-3
sic,24-34,24.34 : Cold drawing of wire,24-3
sic,24-4,24.4 : Manufacture of basic precious and other non-ferrous metals,24
sic,24-41,24.41 : Precious metals production,24-4
sic,24-42,24.42 : Aluminium production,24-4
sic,24-43,"24.43 : Lead, zinc and tin production",24-4
sic,24-44,24.44 : Copper production,24-4
sic,24-45,24.45 : Other non-ferrous metal production,24-4
sic,24-46,24.46 : Processing of nuclear fuel,24-4
sic,24-5,24.5 : Casting of metals,24
sic,24-51,24.51 : Casting of iron,24-5
sic,24-52,24.52 : Casting of steel,24-5
sic,24-53,24.53 : Casting of light metals,24-5
sic,24-54,24.54 : Casting of other non-ferrous metals,24-5
sic,25,"25 : Manufacture of fabricated metal products, except machinery and equipment",C
sic,25-1,25.1 : Manufacture of structural metal products,25
sic,25-11,25.11 : Manufacture of metal structures and parts of structures,25-1
sic,25-12,25.12 : Manufacture of doors and windows of metal,25-1
sic,25-2,"25.2 : Manufacture of tanks, reservoirs and containers of metal",25
sic,25-21,25.21 : Manufacture of central heating radiators and boilers,25-2
sic,25-29,"25.29 : Manufacture of other tanks, reservoirs and containers of metal",25-2
sic,25-3,"25.3 : Manufacture of steam generators, except central heating hot water boilers",25
sic,25-30,"25.30 : Manufacture of steam generators, except central heating hot water boilers",25-3
sic,25-4,25.4 : Manufacture of weapons and ammunition,25
sic,25-40,25.40 : Manufacture of weapons and ammunition,25-4
sic,25-5,"25.5 : Forging, pressing, stamping and roll-forming of metal",25
sic,25-50,"25.50 : Forging, pressing, stamping and roll-forming of metal",25-5
sic,25-6,25.6 : Treatment and coating of metals,25
sic,25-61,25.61 : Treatment and coating of metals,25-6
sic,25-62,25.62 : Machining,25-6
sic,25-7,"25.7 : Manufacture of cutlery, tools and general hardware",25
sic,25-71,25.71 : Manufacture of cutlery,25-7
sic,25-72,25.72 : Manufacture of locks and hinges,25-7
sic,25-73,25.73 : Manufacture of tools,25-7
sic,25-9,25.9 : Manufacture of other fabricated metal products,25
sic,25-91,25.91 : Manufacture of steel drums and similar containers,25-9
sic,25-92,25.92 : Manufacture of light metal packaging,25-9
sic,25-93,"25.93 : Manufacture of wire products, chain and springs",25-9
sic,25-94,25.94 : Manufacture of fasteners and screw machine products,25-9
sic,25-99,25.99 : Manufacture of other fabricated metal products n.e.c.,25-9
sic,26,"26 : Manufacture of computer, electronic and optical products",C
sic,26-1,26.1 : Manufacture of electronic components and boards,26
sic,26-11,26.11 : Manufacture of electronic components,26-1
sic,26-12,26.12 : Manufacture of loaded electronic boards,26-1
sic,26-2,26.2 : Manufacture of computers and peripheral equipment,26
sic,26-20,26.20 : Manufacture of computers and peripheral equipment,26-2
sic,26-3,26.3 : Manufacture of communication equipment,26
sic,26-30,26.30 : Manufacture of communication equipment,26-3
sic,26-301,26.30/1 : Manufacture of telegraph and telephone apparatus and equipment,26-30
sic,26-309,26.30/9 : Manufacture of communication equipment (other than telegraph and telephone apparatus and equipment),26-30
sic,26-4,26.4 : Manufacture of consumer electronics,26
sic,26-40,26.40 : Manufacture of consumer electronics,26-4
sic,26-5,"26.5 : Manufacture of instruments and appliances for measuring, testing and navigation",26
sic,26-51,"26.51 : Manufacture of instruments and appliances for measuring, testing and navigation",26-5
sic,26-511,"26.51/1 : Manufacture of electronic instruments and appliances for measuring, testing, and navigation, except industrial process control equipment",26-51
sic,26-512,26.51/2 : Manufacture of electronic industrial process control equipment,26-51
sic,26-513,"26.51/3 : Manufacture of non-electronic instruments and appliances for measuring, testing and navigation, except industrial process control equipment",26-51
sic,26-514,26.51/4 : Manufacture of non-electronic industrial process control equipment,26-51
sic,26-52,26.52 : Manufacture of watches and clocks,26-5
sic,26-6,"26.6 : Manufacture of irradiation, electromedical and electrotherapeutic equipment",26
sic,26-60,"26.60 : Manufacture of irradiation, electromedical and electrotherapeutic equipment",26-6
sic,26-7,26.7 : Manufacture of optical instruments and photographic equipment,26
sic,26-70,26.70 : Manufacture of optical instruments and photographic equipment,26-7
sic,26-701,26.70/1 : Manufacture of optical precision instruments,26-70
sic,26-702,26.70/2 : Manufacture of photographic and cinematographic equipment,26-70
sic,26-8,26.8 : Manufacture of magnetic and optical media,26
sic,26-80,26.80 : Manufacture of magnetic and optical media,26-8
sic,27,27 : Manufacture of electrical equipment,C
sic,27-1,"27.1 : Manufacture of electric motors, generators, transformers and electricity distribution and control apparatus",27
sic,27-11,"27.11 : Manufacture of electric motors, generators and transformers",27-1
sic,27-12,27.12 : Manufacture of electricity distribution and control apparatus,27-1
sic,27-2,27.2 : Manufacture of batteries and accumulators,27
sic,27-20,27.20 : Manufacture of batteries and accumulators,27-2
sic,27-3,27.3 : Manufacture of wiring and wiring devices,27
sic,27-31,27.31 : Manufacture of fibre optic cables,27-3
sic,27-32,27.32 : Manufacture of other electronic and electric wires and cables,27-3
sic,27-33,27.33 : Manufacture of wiring devices,27-3
sic,27-4,27.4 : Manufacture of electric lighting equipment,27
sic,27-40,27.40 : Manufacture of electric lighting equipment,27-4
sic,27-5,27.5 : Manufacture of domestic appliances,27
sic,27-51,27.51 : Manufacture of electric domestic appliances,27-5
sic,27-52,27.52 : Manufacture of non-electric domestic appliances,27-5
sic,27-9,27.9 : Manufacture of other electrical equipment,27
sic,27-90,27.90 : Manufacture of other electrical equipment,27-9
sic,28,28 : Manufacture of machinery and equipment n.e.c.,C
sic,28-1,28.1 : Manufacture of general-purpose machinery,28
sic,28-11,"28.11 : Manufacture of engines and turbines, except aircraft, vehicle and cycle engines",28-1
sic,28-12,28.12 : Manufacture of fluid power equipment,28-1
sic,28-13,28.13 : Manufacture of other pumps and compressors,28-1
sic,28-131,28.13/1 : Manufacture of pumps,28-13
sic,28-132,28.13/2 : Manufacture of compressors,28-13
sic,28-14,28.14 : Manufacture of other taps and valves,28-1
sic,28-15,"28.15 : Manufacture of bearings, gears, gearing and driving elements",28-1
sic,28-2,28.2 : Manufacture of other general-purpose machinery,28
sic,28-21,"28.21 : Manufacture of ovens, furnaces and furnace burners",28-2
sic,28-22,28.22 : Manufacture of lifting and handling equipment,28-2
sic,28-23,28.23 : Manufacture of office machinery and equipment (except computers and peripheral equipment),28-2
sic,28-24,28.24 : Manufacture of power-driven hand tools,28-2
sic,28-25,28.25 : Manufacture of non-domestic cooling and ventilation equipment,28-2
sic,28-29,28.29 : Manufacture of other general-purpose machinery n.e.c.,28-2
sic,28-3,28.3 : Manufacture of agricultural and forestry machinery,28
sic,28-30,28.30 : Manufacture of agricultural and forestry machinery,28-3
sic,28-301,28.30/1 : Manufacture of agricultural tractors,28-30
sic,28-302,28.30/2 : Manufacture of agricultural and forestry machinery (other than agricultural tractors),28-30
sic,28-4,28.4 : Manufacture of metal forming machinery and machine tools,28
sic,28-41,28.41 : Manufacture of metal forming machinery,28-4
sic,28-49,28.49 : Manufacture of other machine tools,28-4
sic,28-9,28.9 : Manufacture of other special-purpose machinery,28
sic,28-91,28.91 : Manufacture of machinery for metallurgy,28-9
sic,28-92,"28.92 : Manufacture of machinery for mining, quarrying and construction",28-9
sic,28-921,28.92/1 : Manufacture of machinery for mining,28-92
sic,28-922,28.92/2 : Manufacture of earthmoving equipment,28-92
sic,28-923,28.92/3 : Manufacture of equipment for concrete crushing and screening roadworks,28-92
sic,28-93,"28.93 : Manufacture of machinery for food, beverage and tobacco processing",28-9
sic,28-94,"28.94 : Manufacture of machinery for textile, apparel and leather production",28-9
sic,28-95,28.95 : Manufacture of machinery for paper and paperboard production,28-9
sic,28-96,28.96 : Manufacture of plastics and rubber machinery,28-9
sic,28-99,28.99 : Manufacture of other special-purpose machinery n.e.c.,28-9
sic,29,"29 : Manufacture of motor vehicles, trailers and semi-trailers",C
sic,29-1,29.1 : Manufacture of motor vehicles,29
sic,29-10,29.10 : Manufacture of motor vehicles,29-1
sic,29-2,29.2 : Manufacture of bodies (coachwork) for motor vehicles,29
sic,29-20,29.20 : Manufacture of bodies (coachwork) for motor vehicles,29-2
sic,29-201,29.20/1 : Manufacture of bodies (coachwork) for motor vehicles (except caravans),29-20
sic,29-202,29.20/2 : Manufacture of trailers and semi-trailers,29-20
sic,29-203,29.20/3 : Manufacture of caravans,29-20
sic,29-3,29.3 : Manufacture of parts and accessories for motor vehicles,29
sic,29-31,29.31 : Manufacture of electrical and electronic equipment for motor vehicles,29-3
sic,29-32,29.32 : Manufacture of other parts and accessories for motor vehicles,29-3
sic,30,30 : Manufacture of other transport equipment,C
sic,30-1,30.1 : Building of ships and boats,30
sic,30-11,30.11 : Building of ships and floating structures,30-1
sic,30-12,30.12 : Building of pleasure and sporting boats,30-1
sic,30-2,30.2 : Manufacture of railway locomotives and rolling stock,30
sic,30-20,30.20 : Manufacture of railway locomotives and rolling stock,30-2
sic,30-3,30.3 : Manufacture of air and spacecraft and related machinery,30
sic,30-30,30.30 : Manufacture of air and spacecraft and related machinery,30-3
sic,30-4,30.4 : Manufacture of military fighting vehicles,30
sic,30-40,30.40 : Manufacture of military fighting vehicles,30-4
sic,30-9,30.9 : Manufacture of transport equipment n.e.c.,30
sic,30-91,30.91 : Manufacture of motorcycles,30-9
sic,30-92,30.92 : Manufacture of bicycles and invalid carriages,30-9
sic,30-99,30.99 : Manufacture of other transport equipment n.e.c.,30-9
sic,31,31 : Manufacture of furniture,C
sic,31-0,31.0 : Manufacture of furniture,31
sic,31-01,31.01 : Manufacture of office and shop furniture,31-0
sic,31-02,31.02 : Manufacture of kitchen furniture,31-0
sic,31-03,31.03 : Manufacture of mattresses,31-0
sic,31-09,31.09 : Manufacture of other furniture,31-0
sic,32,32 : Other manufacturing,C
sic,32-1,"32.1 : Manufacture of jewellery, bijouterie and related articles",32
sic,32-11,32.11 : Striking of coins,32-1
sic,32-12,32.12 : Manufacture of jewellery and related articles,32-1
sic,32-13,32.13 : Manufacture of imitation jewellery and related articles,32-1
sic,32-2,32.2 : Manufacture of musical instruments,32
sic,32-20,32.20 : Manufacture of musical instruments,32-2
sic,32-3,32.3 : Manufacture of sports goods,32
sic,32-30,32.30 : Manufacture of sports goods,32-3
sic,32-4,32.4 : Manufacture of games and toys,32
sic,32-40,32.40 : Manufacture of games and toys,32-4
sic,32-401,32.40/1 : Manufacture of professional and arcade games and toys,32-40
sic,32-409,32.40/9 : Manufacture of games and toys (other than professional and arcade games and toys) n.e.c.,32-40
sic,32-5,32.5 : Manufacture of medical and dental instruments and supplies,32
sic,32-50,32.50 : Manufacture of medical and dental instruments and supplies,32-5
sic,32-9,32.9 : Other manufacturing n.e.c.,32
sic,32-91,32.91 : Manufacture of brooms and brushes,32-9
sic,32-99,32.99 : Other manufacturing n.e.c.,32-9
sic,33,33 : Repair and installation of machinery and equipment,C
sic,33-1,"33.1 : Repair of fabricated metal products, machinery and equipment",33
sic,33-11,33.11 : Repair of fabricated metal products,33-1
sic,33-12,33.12 : Repair of machinery,33-1
sic,33-13,33.13 : Repair of electronic and optical equipment,33-1
sic,33-14,33.14 : Repair of electrical equipment,33-1
sic,33-15,33.15 : Repair and mainte*ce of ships and boats,33-1
sic,33-16,33.16 : Repair and mainte*ce of aircraft and spacecraft,33-1
sic,33-17,33.17 : Repair and mainte*ce of other transport equipment,33-1
sic,33-19,33.19 : Repair of other equipment,33-1
sic,33-2,33.2 : Installation of industrial machinery and equipment,33
sic,33-20,33.20 : Installation of industrial machinery and equipment,33-2
sic,D,"D : Electricity, gas, steam and air conditioning supply",total
sic,35,"35 : Electricity, gas, steam and air conditioning supply",D
sic,35-1,"35.1 : Electric power generation, transmission and distribution",35
sic,35-11,35.11 : Production of electricity,35-1
sic,35-12,35.12 : Transmission of electricity,35-1
sic,35-13,35.13 : Distribution of electricity,35-1
sic,35-14,35.14 : Trade of electricity,35-1
sic,35-2,35.2 : Manufacture of gas,35
sic,35-21,35.21 : Manufacture of gas,35-2
sic,35-22,35.22 : Distribution of gaseous fuels through mains,35-2
sic,35-23,35.23 : Trade of gas through mains,35-2
sic,35-3,35.3 : Steam and air conditioning supply,35
sic,35-30,35.30 : Steam and air conditioning supply,35-3
sic,E,E : Water supply,total
sic,36,"36 : Water collection, treatment and supply",E
sic,36-0,"36.0 : Water collection, treatment and supply",36
sic,36-00,"36.00 : Water collection, treatment and supply",36-0
sic,37,37 : Sewerage,E
sic,37-0,37.0 : Sewerage,37
sic,37-00,37.00 : Sewerage,37-0
sic,38,"38 : Waste collection, treatment and disposal activities",E
sic,38-1,38.1 : Waste collection,38
sic,38-11,38.11 : Collection of non-hazardous waste,38-1
sic,38-12,38.12 : Collection of hazardous waste,38-1
sic,38-2,38.2 : Waste treatment and disposal,38
sic,38-21,38.21 : Treatment and disposal of non-hazardous waste,38-2
sic,38-22,38.22 : Treatment and disposal of hazardous waste,38-2
sic,38-3,38.3 : Materials recovery,38
sic,38-31,38.31 : Dismantling of wrecks,38-3
sic,38-32,38.32 : Recovery of sorted materials,38-3
sic,39,39 : Remediation activities and other waste management services.,E
sic,39-0,39.0 : Remediation activities and other waste management services,39
sic,39-00,39.00 : Remediation activities and other waste management services,39-0
sic,F,F : Construction,total
sic,41,41 : Construction of buildings,F
sic,41-1,41.1 : Development of building projects,41
sic,41-10,41.10 : Development of building projects,41-1
sic,41-2,41.2 : Construction of residential and non-residential buildings,41
sic,41-20,41.20 : Construction of residential and non-residential buildings,41-2
sic,41-201,41.20/1 : Construction of commercial buildings,41-20
sic,41-202,41.20/2 : Construction of domestic buildings,41-20
sic,42,42 : Civil engineering,F
sic,42-1,42.1 : Construction of roads and railways,42
sic,42-11,42.11 : Construction of roads and motorways,42-1
sic,42-12,42.12 : Construction of railways and underground railways,42-1
sic,42-13,42.13 : Construction of bridges and tunnels,42-1
sic,42-2,42.2 : Construction of utility projects,42
sic,42-21,42.21 : Construction of utility projects for fluids,42-2
sic,42-22,42.22 : Construction of utility projects for electricity and telecommunications,42-2
sic,42-9,42.9 : Construction of other civil engineering projects,42
sic,42-91,42.91 : Construction of water projects,42-9
sic,42-99,42.99 : Construction of other civil engineering projects n.e.c.,42-9
sic,43,43 : Specialised construction activities,F
sic,43-1,43.1 : Demolition and site preparation,43
sic,43-11,43.11 : Demolition,43-1
sic,43-12,43.12 : Site preparation,43-1
sic,43-13,43.13 : Test drilling and boring,43-1
sic,43-2,"43.2 : Electrical, plumbing and other construction installation activities",43
sic,43-21,43.21 : Electrical installation,43-2
sic,43-22,"43.22 : Plumbing, heat and air-conditioning installation",43-2
sic,43-29,43.29 : Other construction installation,43-2
sic,43-3,43.3 : Building completion and finishing,43
sic,43-31,43.31 : Plastering,43-3
sic,43-32,43.32 : Joinery installation,43-3
sic,43-33,43.33 : Floor and wall covering,43-3
sic,43-34,43.34 : Painting and glazing,43-3
sic,43-341,43.34/1 : Painting,43-34
sic,43-342,43.34/2 : Glazing,43-34
sic,43-39,43.39 : Other building completion and finishing,43-3
sic,43-9,43.9 : Other specialised construction activities,43
sic,43-91,43.91 : Roofing activities,43-9
sic,43-99,43.99 : Other specialised construction activities n.e.c.,43-9
sic,43-991,43.99/1 : Scaffold erection,43-99
sic,43-999,43.99/9 : Specialised construction activities (other than scaffold erection) n.e.c.,43-99
sic,G,G : Wholesale and retail trade,total
sic,45,45 : Wholesale and retail trade and repair of motor vehicles and motorcycles,G
sic,45-1,45.1 : Sale of motor vehicles,45
sic,45-11,45.11 : Sale of cars and light motor vehicles,45-1
sic,45-111,45.11/1 : Sale of new cars and light motor vehicles,45-11
sic,45-112,45.11/2 : Sale of used cars and light motor vehicles,45-11
sic,45-19,45.19 : Sale of other motor vehicles,45-1
sic,45-2,45.2 : Mainte*ce and repair of motor vehicles,45
sic,45-20,45.20 : Mainte*ce and repair of motor vehicles,45-2
sic,45-3,45.3 : Sale of motor vehicle parts and accessories,45
sic,45-31,45.31 : Wholesale trade of motor vehicle parts and accessories,45-3
sic,45-32,45.32 : Retail trade of motor vehicle parts and accessories,45-3
sic,45-4,"45.4 : Sale, mainte*ce and repair of motorcycles and related parts and accessories",45
sic,45-40,"45.40 : Sale, mainte*ce and repair of motorcycles and related parts and accessories",45-4
sic,46,"46 : Wholesale trade, except of motor vehicles and motorcycles",G
sic,46-1,46.1 : Wholesale on a fee or contract basis,46
sic,46-11,"46.11 : Agents involved in the sale of agricultural raw materials, live animals, textile raw materials and semi-finished goods",46-1
sic,46-12,"46.12 : Agents involved in the sale of fuels, ores, metals and industrial chemicals",46-1
sic,46-13,46.13 : Agents involved in the sale of timber and building materials,46-1
sic,46-14,"46.14 : Agents involved in the sale of machinery, industrial equipment, ships and aircraft",46-1
sic,46-15,"46.15 : Agents involved in the sale of furniture, household goods, hardware and ironmongery",46-1
sic,46-16,"46.16 : Agents involved in the sale of textiles, clothing, fur, footwear and leather goods",46-1
sic,46-17,"46.17 : Agents involved in the sale of food, beverages and tobacco",46-1
sic,46-18,46.18 : Agents specialised in the sale of other particular products,46-1
sic,46-19,46.19 : Agents involved in the sale of a variety of goods,46-1
sic,46-2,46.2 : Wholesale of agricultural raw materials and live animals,46
sic,46-21,"46.21 : Wholesale of grain, unmanufactured tobacco, seeds and animal feeds",46-2
sic,46-22,46.22 : Wholesale of flowers and plants,46-2
sic,46-23,46.23 : Wholesale of live animals,46-2
sic,46-24,"46.24 : Wholesale of hides, skins and leather",46-2
sic,46-3,"46.3 : Wholesale of food, beverages and tobacco",46
sic,46-31,46.31 : Wholesale of fruit and vegetables,46-3
sic,46-32,46.32 : Wholesale of meat and meat products,46-3
sic,46-33,"46.33 : Wholesale of dairy products, eggs and edible oils and fats",46-3
sic,46-34,46.34 : Wholesale of beverages,46-3
sic,46-341,"46.34/1 : Wholesale of fruit and vegetable juices, mineral waters and soft drinks",46-34
sic,46-342,"46.34/2 : Wholesale of wine, beer, spirits and other alcoholic beverages",46-34
sic,46-35,46.35 : Wholesale of tobacco products,46-3
sic,46-36,46.36 : Wholesale of sugar and chocolate and sugar confectionery,46-3
sic,46-37,"46.37 : Wholesale of coffee, tea, cocoa and spices",46-3
sic,46-38,"46.38 : Wholesale of other food, including fish, crustaceans and molluscs",46-3
sic,46-39,"46.39 : Non-specialised wholesale of food, beverages and tobacco",46-3
sic,46-4,46.4 : Wholesale of household goods,46
sic,46-41,46.41 : Wholesale of textiles,46-4
sic,46-42,46.42 : Wholesale of clothing and footwear,46-4
sic,46-43,46.43 : Wholesale of electrical household appliances,46-4
sic,46-431,"46.43/1 : Wholesale of gramophone records, audio tapes, compact discs and video tapes and of the equipment on which these are played",46-43
sic,46-439,"46.43/9 : Wholesale of radio and television goods and of electrical household appliances (other than of gramophone records, audio tapes, compact discs and video tapes and the equipment on which these are played) n.e.c.",46-43
sic,46-44,46.44 : Wholesale of china and glassware and cleaning materials,46-4
sic,46-45,46.45 : Wholesale of perfume and cosmetics,46-4
sic,46-46,46.46 : Wholesale of pharmaceutical goods,46-4
sic,46-47,"46.47 : Wholesale of furniture, carpets and lighting equipment",46-4
sic,46-48,46.48 : Wholesale of watches and jewellery,46-4
sic,46-49,46.49 : Wholesale of other household goods,46-4
sic,46-491,46.49/1 : Wholesale of musical instruments,46-49
sic,46-499,46.49/9 : Wholesale of household goods (other than musical instruments) n.e.c.,46-49
sic,46-5,46.5 : Wholesale of information and communication equipment,46
sic,46-51,"46.51 : Wholesale of computers, computer peripheral equipment and software",46-5
sic,46-52,46.52 : Wholesale of electronic and telecommunications equipment and parts,46-5
sic,46-6,"46.6 : Wholesale of other machinery, equipment and supplies",46
sic,46-61,"46.61 : Wholesale of agricultural machinery, equipment and supplies",46-6
sic,46-62,46.62 : Wholesale of machine tools,46-6
sic,46-63,"46.63 : Wholesale of mining, construction and civil engineering machinery",46-6
sic,46-64,46.64 : Wholesale of machinery for the textile industry and of sewing and knitting machines,46-6
sic,46-65,46.65 : Wholesale of office furniture,46-6
sic,46-66,46.66 : Wholesale of other office machinery and equipment,46-6
sic,46-69,46.69 : Wholesale of other machinery and equipment,46-6
sic,46-7,46.7 : Other specialised wholesale,46
sic,46-71,"46.71 : Wholesale of solid, liquid and gaseous fuels and related products",46-7
sic,46-711,46.71/1 : Wholesale of petroleum and petroleum products,46-71
sic,46-719,46.71/9 : Wholesale of fuels and related products (other than petroleum and petroleum products),46-71
sic,46-72,46.72 : Wholesale of metals and metal ores,46-7
sic,46-73,"46.73 : Wholesale of wood, construction materials and sanitary equipment",46-7
sic,46-74,"46.74 : Wholesale of hardware, plumbing and heating equipment and supplies",46-7
sic,46-75,46.75 : Wholesale of chemical products,46-7
sic,46-76,46.76 : Wholesale of other intermediate products,46-7
sic,46-77,46.77 : Wholesale of waste and scrap,46-7
sic,46-9,46.9 : Non-specialised wholesale trade,46
sic,46-90,46.90 : Non-specialised wholesale trade,46-9
sic,47,"47 : Retail trade, except of motor vehicles and motorcycles",G
sic,47-1,47.1 : Retail sale in non-specialised stores,47
sic,47-11,"47.11 : Retail sale in non-specialised stores with food, beverages or tobacco predominating",47-1
sic,47-19,47.19 : Other retail sale in non-specialised stores,47-1
sic,47-2,"47.2 : Retail sale of food, beverages and tobacco in specialised stores",47
sic,47-21,47.21 : Retail sale of fruit and vegetables in specialised stores,47-2
sic,47-22,47.22 : Retail sale of meat and meat products in specialised stores,47-2
sic,47-23,"47.23 : Retail sale of fish, crustaceans and molluscs in specialised stores",47-2
sic,47-24,"47.24 : Retail sale of bread, cakes, flour confectionery and sugar confectionery in specialised stores",47-2
sic,47-25,47.25 : Retail sale of beverages in specialised stores,47-2
sic,47-26,47.26 : Retail sale of tobacco products in specialised stores,47-2
sic,47-29,47.29 : Other retail sale of food in specialised stores,47-2
sic,47-3,47.3 : Retail sale of automotive fuel in specialised stores,47
sic,47-30,47.30 : Retail sale of automotive fuel in specialised stores,47-3
sic,47-4,47.4 : Retail sale of information and communication equipment in specialised stores,47
sic,47-41,"47.41 : Retail sale of computers, peripheral units and software in specialised stores",47-4
sic,47-42,47.42 : Retail sale of telecommunications equipment in specialised stores,47-4
sic,47-421,47.42/1 : Retail sale of mobile telephones in specialised stores,47-42
sic,47-429,"47.42/9 : Retail sale of telecommunications equipment (other than mobile telephones) n.e.c., in specialised stores",47-42
sic,47-43,47.43 : Retail sale of audio and video equipment in specialised stores,47-4
sic,47-5,47.5 : Retail sale of other household equipment in specialised stores,47
sic,47-51,47.51 : Retail sale of textiles in specialised stores,47-5
sic,47-52,"47.52 : Retail sale of hardware, paints and glass in specialised stores",47-5
sic,47-53,"47.53 : Retail sale of carpets, rugs, wall and floor coverings in specialised stores",47-5
sic,47-54,47.54 : Retail sale of electrical household appliances in specialised stores,47-5
sic,47-59,"47.59 : Retail sale of furniture, lighting equipment and other household articles in specialised stores",47-5
sic,47-591,47.59/1 : Retail sale of musical instruments and scores in specialised stores,47-59
sic,47-599,"47.59/9 : Retail sale of furniture, lighting equipment and other household articles (other than musical instruments) n.e.c., in specialised stores",47-59
sic,47-6,47.6 : Retail sale of cultural and recreation goods in specialised stores,47
sic,47-61,47.61 : Retail sale of books in specialised stores,47-6
sic,47-62,47.62 : Retail sale of newspapers and stationery in specialised stores,47-6
sic,47-63,47.63 : Retail sale of music and video recordings in specialised stores,47-6
sic,47-64,47.64 : Retail sale of sporting equipment in specialised stores,47-6
sic,47-65,47.65 : Retail sale of games and toys in specialised stores,47-6
sic,47-7,47.7 : Retail sale of other goods in specialised stores,47
sic,47-71,47.71 : Retail sale of clothing in specialised stores,47-7
sic,47-72,47.72 : Retail sale of footwear and leather goods in specialised stores,47-7
sic,47-721,47.72/1 : Retail sale of footwear in specialised stores,47-72
sic,47-722,47.72/2 : Retail sale of leather goods in specialised stores,47-72
sic,47-73,47.73 : Dispensing chemist in specialised stores,47-7
sic,47-74,47.74 : Retail sale of medical and orthopaedic goods in specialised stores,47-7
sic,47-741,47.74/1 : Retail sale of hearing aids in specialised stores,47-74
sic,47-749,"47.74/9 : Retail sale of medical and orthopaedic goods (other than hearing aids) n.e.c., in specialised stores",47-74
sic,47-75,47.75 : Retail sale of cosmetic and toilet articles in specialised stores,47-7
sic,47-76,"47.76 : Retail sale of flowers, plants, seeds, fertilisers, pet animals and pet food in specialised stores",47-7
sic,47-77,47.77 : Retail sale of watches and jewellery in specialised stores,47-7
sic,47-78,47.78 : Other retail sale of new goods in specialised stores,47-7
sic,47-781,47.78/1 : Retail sale in commercial art galleries,47-78
sic,47-782,47.78/2 : Retail sale by opticians,47-78
sic,47-789,"47.78/9 : Other retail sale of new goods in specialised stores (other than by opticians or commercial art galleries), n.e.c",47-78
sic,47-79,47.79 : Retail sale of second-hand goods in stores,47-7
sic,47-791,"47.79/1 : Retail sale of antiques including antique books, in stores",47-79
sic,47-799,47.79/9 : Retail sale of second-hand goods (other than antiques and antique books) in stores,47-79
sic,47-8,47.8 : Retail sale via stalls and markets,47
sic,47-81,"47.81 : Retail sale via stalls and markets of food, beverages and tobacco products",47-8
sic,47-82,"47.82 : Retail sale via stalls and markets of textiles, clothing and footwear",47-8
sic,47-89,47.89 : Retail sale via stalls and markets of other goods,47-8
sic,47-9,"47.9 : Retail trade not in stores, stalls or markets",47
sic,47-91,47.91 : Retail sale via mail order houses or via internet,47-9
sic,47-99,"47.99 : Other retail sale not in stores, stalls or markets",47-9
sic,H,H : Transportation and storage,total
sic,49,49 : Land transport and transport via pipelines,H
sic,49-1,"49.1 : Passenger rail transport, interurban",49
sic,49-10,"49.10 : Passenger rail transport, interurban",49-1
sic,49-2,49.2 : Freight rail transport,49
sic,49-20,49.20 : Freight rail transport,49-2
sic,49-3,49.3 : Other passenger land transport,49
sic,49-31,49.31 : Urban and suburban passenger land transport,49-3
sic,49-311,"49.31/1 : Urban, suburban or metropolitan area passenger railway transportation by underground, metro and similar systems",49-31
sic,49-319,"49.31/9 : Urban, suburban or metropolitan area passenger land transport other than railway transportation by underground, metro and similar systems",49-31
sic,49-32,49.32 : Taxi operation,49-3
sic,49-39,49.39 : Other passenger land transport n.e.c.,49-3
sic,49-4,49.4 : Freight transport by road and removal services,49
sic,49-41,49.41 : Freight transport by road,49-4
sic,49-42,49.42 : Removal services,49-4
sic,49-5,49.5 : Transport via pipeline,49
sic,49-50,49.50 : Transport via pipeline,49-5
sic,50,50 : Water transport,H
sic,50-1,50.1 : Sea and coastal passenger water transport,50
sic,50-10,50.10 : Sea and coastal passenger water transport,50-1
sic,50-2,50.2 : Sea and coastal freight water transport,50
sic,50-20,50.20 : Sea and coastal freight water transport,50-2
sic,50-3,50.3 : Inland passenger water transport,50
sic,50-30,50.30 : Inland passenger water transport,50-3
sic,50-4,50.4 : Inland freight water transport,50
sic,50-40,50.40 : Inland freight water transport,50-4
sic,51,51 : Air transport,H
sic,51-1,51.1 : Passenger air transport,51
sic,51-10,51.10 : Passenger air transport,51-1
sic,51-101,51.10/1 : Scheduled passenger air transport,51-10
sic,51-102,51.10/2 : Non-scheduled passenger air transport,51-10
sic,51-2,51.2 : Freight air transport and space transport,51
sic,51-21,51.21 : Freight air transport,51-2
sic,51-22,51.22 : Space transport,51-2
sic,52,52 : Warehousing and support activities for transportation,H
sic,52-1,52.1 : Warehousing and storage,52
sic,52-10,52.10 : Warehousing and storage,52-1
sic,52-101,52.10/1 : Operation of warehousing and storage facilities for water transport activities of division 50,52-10
sic,52-102,52.10/2 : Operation of warehousing and storage facilities for air transport activities of division 51,52-10
sic,52-103,52.10/3 : Operation of warehousing and storage facilities for land transport activities of division 49,52-10
sic,52-2,52.2 : Support activities for transportation,52
sic,52-21,52.21 : Service activities incidental to land transportation,52-2
sic,52-211,52.21/1 : Operation of rail freight terminals,52-21
sic,52-212,52.21/2 : Operation of rail passenger facilities at railway stations,52-21
sic,52-213,52.21/3 : Operation of bus and coach passenger facilities at bus and coach stations,52-21
sic,52-219,"52.21/9 : Other service activities incidental to land transportation, n.e.c. (not including operation of rail freight terminals, passenger facilities at railway stations or passenger facilities at bus and coach stations)",52-21
sic,52-22,52.22 : Service activities incidental to water transportation,52-2
sic,52-23,52.23 : Service activities incidental to air transportation,52-2
sic,52-24,52.24 : Cargo handling,52-2
sic,52-241,52.24/1 : Cargo handling for water transport activities of division 50,52-24
sic,52-242,52.24/2 : Cargo handling for air transport activities of division 51,52-24
sic,52-243,52.24/3 : Cargo handling for land transport activities of division 49,52-24
sic,52-29,52.29 : Other transportation support activities,52-2
sic,53,53 : Postal and courier activities,H
sic,53-1,53.1 : Postal activities under universal service obligation,53
sic,53-10,53.10 : Postal activities under universal service obligation,53-1
sic,53-2,53.2 : Other postal and courier activities,53
sic,53-20,53.20 : Other postal and courier activities,53-2
sic,53-201,53.20/1 : Licensed carriers,53-20
sic,53-202,53.20/2 : Unlicensed carriers,53-20
sic,I,I : Accommodation and food service activities,total
sic,55,55 : Accommodation,I
sic,55-1,55.1 : Hotels and similar accommodation,55
sic,55-10,55.10 : Hotels and similar accommodation,55-1
sic,55-2,55.2 : Holiday and other short-stay accommodation,55
sic,55-20,55.20 : Holiday and other short-stay accommodation,55-2
sic,55-201,55.20/1 : Holiday centres and villages,55-20
sic,55-202,55.20/2 : Youth hostels,55-20
sic,55-209,55.20/9 : Other holiday and other short-stay accommodation (not including holiday centres and villages or youth hostels) n.e.c.,55-20
sic,55-3,"55.3 : Camping grounds, recreational vehicle parks and trailer parks",55
sic,55-30,"55.30 : Camping grounds, recreational vehicle parks and trailer parks",55-3
sic,55-9,55.9 : Other accommodation,55
sic,55-90,55.90 : Other accommodation,55-9
sic,56,56 : Food and beverage service activities,I
sic,56-1,56.1 : Restaurants and mobile food service activities,56
sic,56-10,56.10 : Restaurants and mobile food service activities,56-1
sic,56-101,56.10/1 : Licensed restaurants,56-10
sic,56-102,56.10/2 : Unlicensed restaurants and cafes,56-10
sic,56-103,56.10/3 : Take away food shops and mobile food stands,56-10
sic,56-2,56.2 : Event catering and other food service activities,56
sic,56-21,56.21 : Event catering activities,56-2
sic,56-29,56.29 : Other food service activities,56-2
sic,56-3,56.3 : Beverage serving activities,56
sic,56-30,56.30 : Beverage serving activities,56-3
sic,56-301,56.30/1 : Licensed clubs,56-30
sic,56-302,56.30/2 : Public houses and bars,56-30
sic,J,J : Information and communication,total
sic,58,58 : Publishing activities,J
sic,58-1,"58.1 : Publishing of books, periodicals and other publishing activities",58
sic,58-11,58.11 : Book publishing,58-1
sic,58-12,58.12 : Publishing of directories and mailing lists,58-1
sic,58-13,58.13 : Publishing of newspapers,58-1
sic,58-14,58.14 : Publishing of journals and periodicals,58-1
sic,58-141,58.14/1 : Publishing of learned journals,58-14
sic,58-142,"58.14/2 : Publishing of consumer, business and professional journals and periodicals",58-14
sic,58-19,58.19 : Other publishing activities,58-1
sic,58-2,58.2 : Software publishing,58
sic,58-21,58.21 : Publishing of computer games,58-2
sic,58-29,58.29 : Other software publishing,58-2
sic,59,"59 : Motion picture, video and television programme production, sound recording and music publishing activities",J
sic,59-1,"59.1 : Motion picture, video and television programme activities",59
sic,59-11,"59.11 : Motion picture, video and television programme production activities",59-1
sic,59-111,59.11/1 : Motion picture production activities,59-11
sic,59-112,59.11/2 : Video production activities,59-11
sic,59-113,59.11/3 : Television programme production activities,59-11
sic,59-12,"59.12 : Motion picture, video and television programme post-production activities",59-1
sic,59-13,"59.13 : Motion picture, video and television programme distribution activities",59-1
sic,59-131,59.13/1 : Motion picture distribution activities,59-13
sic,59-132,59.13/2 : Video distribution activities,59-13
sic,59-133,59.13/3 : Television programme distribution activities,59-13
sic,59-14,59.14 : Motion picture projection activities,59-1
sic,59-2,59.2 : Sound recording and music publishing activities,59
sic,59-20,59.20 : Sound recording and music publishing activities,59-2
sic,60,60 : Programming and broadcasting activities,J
sic,60-1,60.1 : Radio broadcasting,60
sic,60-10,60.10 : Radio broadcasting,60-1
sic,60-2,60.2 : Television programming and broadcasting activities,60
sic,60-20,60.20 : Television programming and broadcasting activities,60-2
sic,61,61 : Telecommunications,J
sic,61-1,61.1 : Wired telecommunications activities,61
sic,61-10,61.10 : Wired telecommunications activities,61-1
sic,61-2,61.2 : Wireless telecommunications activities,61
sic,61-20,61.20 : Wireless telecommunications activities,61-2
sic,61-3,61.3 : Satellite telecommunications activities,61
sic,61-30,61.30 : Satellite telecommunications activities,61-3
sic,61-9,61.9 : Other telecommunications activities,61
sic,61-90,61.90 : Other telecommunications activities,61-9
sic,62,"62 : Computer programming, consultancy and related activities",J
sic,62-0,"62.0 : Computer programming, consultancy and related activities",62
sic,62-01,62.01 : Computer programming activities,62-0
sic,62-011,62.01/1 : Ready-made interactive leisure and entertainment software development,62-01
sic,62-012,62.01/2 : Business and domestic software development,62-01
sic,62-02,62.02 : Computer consultancy activities,62-0
sic,62-03,62.03 : Computer facilities management activities,62-0
sic,62-09,62.09 : Other information technology and computer service activities,62-0
sic,63,63 : Information service activities,J
sic,63-1,"63.1 : Data processing, hosting and related activities",63
sic,63-11,"63.11 : Data processing, hosting and related activities",63-1
sic,63-12,63.12 : Web portals,63-1
sic,63-9,63.9 : Other information service activities,63
sic,63-91,63.91 : News agency activities,63-9
sic,63-99,63.99 : Other information service activities n.e.c.,63-9
sic,K,K : Financial and insurance activities,total
sic,64,"64 : Fi*cial service activities, except insurance and pension funding",K
sic,64-1,64.1 : Monetary intermediation,64
sic,64-11,64.11 : Central banking,64-1
sic,64-19,64.19 : Other monetary intermediation,64-1
sic,64-191,64.19/1 : Banks,64-19
sic,64-192,64.19/2 : Building societies,64-19
sic,64-2,64.2 : Activities of holding companies,64
sic,64-20,64.20 : Activities of holding companies,64-2
sic,64-201,64.20/1 : Activities of agricultural holding companies,64-20
sic,64-202,64.20/2 : Activities of production holding companies,64-20
sic,64-203,64.20/3 : Activities of construction holding companies,64-20
sic,64-204,64.20/4 : Activities of distribution holding companies,64-20
sic,64-205,64.20/5 : Activities of fi*cial services holding companies,64-20
sic,64-209,"64.20/9 : Activities of other holding companies (not including agricultural, production, construction, distribution and fi*cial services holding companies) n.e.c.",64-20
sic,64-3,"64.3 : Trusts, funds and similar fi*cial entities",64
sic,64-30,"64.30 : Trusts, funds and similar fi*cial entities",64-3
sic,64-301,64.30/1 : Activities of investment trusts,64-30
sic,64-302,64.30/2 : Activities of unit trusts,64-30
sic,64-303,64.30/3 : Activities of venture and development capital companies,64-30
sic,64-304,64.30/4 : Activities of open-ended investment companies,64-30
sic,64-305,64.30/5 : Activities of property unit trusts,64-30
sic,64-306,64.30/6 : Activities of real estate investment trusts,64-30
sic,64-9,"64.9 : Other fi*cial service activities, except insurance and pension funding",64
sic,64-91,64.91 : Fi*cial leasing,64-9
sic,64-92,64.92 : Other credit granting,64-9
sic,64-921,64.92/1 : Credit granting by non-deposit taking fi*ce houses and other specialist consumer credit grantors,64-92
sic,64-922,64.92/2 : Activities of mortgage fi*ce companies,64-92
sic,64-929,64.92/9 : Other credit granting (not including credit granting by non-deposit taking fi*ce houses and other specialist consumer credit grantors and activities of mortgage fi*ce companies) n.e.c.,64-92
sic,64-99,"64.99 : Other fi*cial service activities, except insurance and pension funding, n.e.c.",64-9
sic,64-991,64.99/1 : Security dealing on own account,64-99
sic,64-992,64.99/2 : Factoring,64-99
sic,64-999,"64.99/9 : Other fi*cial service activities, except insurance and pension funding, (not including security dealing on own account and factoring) n.e.c.",64-99
sic,65,"65 : Insurance, reinsurance and pension funding, except compulsory social security",K
sic,65-1,65.1 : Insurance,65
sic,65-11,65.11 : Life insurance,65-1
sic,65-12,65.12 : Non-life insurance,65-1
sic,65-2,65.2 : Reinsurance,65
sic,65-20,65.20 : Reinsurance,65-2
sic,65-201,65.20/1 : Life reinsurance,65-20
sic,65-202,65.20/2 : Non-life reinsurance,65-20
sic,65-3,65.3 : Pension funding,65
sic,65-30,65.30 : Pension funding,65-3
sic,66,66 : Activities auxiliary to fi*cial services and insurance activities,K
sic,66-1,"66.1 : Activities auxiliary to fi*cial services, except insurance and pension funding",66
sic,66-11,66.11 : Administration of fi*cial markets,66-1
sic,66-12,66.12 : Security and commodity contracts brokerage,66-1
sic,66-19,"66.19 : Other activities auxiliary to fi*cial services, except insurance and pension funding",66-1
sic,66-2,66.2 : Activities auxiliary to insurance and pension funding,66
sic,66-21,66.21 : Risk and damage evaluation,66-2
sic,66-22,66.22 : Activities of insurance agents and brokers,66-2
sic,66-29,66.29 : Other activities auxiliary to insurance and pension funding,66-2
sic,66-3,66.3 : Fund management activities,66
sic,66-30,66.30 : Fund management activities,66-3
sic,L,L : Real estate activities,total
sic,68,68 : Real estate activities,L
sic,68-1,68.1 : Buying and selling of own real estate,68
sic,68-10,68.10 : Buying and selling of own real estate,68-1
sic,68-2,68.2 : Renting and operating of own or leased real estate,68
sic,68-20,68.20 : Renting and operating of own or leased real estate,68-2
sic,68-201,68.20/1 : Renting and operating of housing association real estate,68-20
sic,68-202,68.20/2 : Letting and operating of conference and exhibition centres,68-20
sic,68-209,68.20/9 : Letting and operating of own or leased real estate (other than housing association real estate and conference and exhibition services) n.e.c.,68-20
sic,68-3,68.3 : Real estate activities on a fee or contract basis,68
sic,68-31,68.31 : Real estate agencies,68-3
sic,68-32,68.32 : Management of real estate on a fee or contract basis,68-3
sic,M,"M : Professional, scientific and technical activities",total
sic,69,69 : Legal and accounting activities,M
sic,69-1,69.1 : Legal activities,69
sic,69-10,69.10 : Legal activities,69-1
sic,69-101,69.10/1 : Barristers at law,69-10
sic,69-102,69.10/2 : Solicitors,69-10
sic,69-109,69.10/9 : Activities of patent and copyright agents,69-10
sic,69-2,"69.2 : Accounting, bookkeeping and auditing activities",69
sic,69-20,"69.20 : Accounting, bookkeeping and auditing activities",69-2
sic,69-201,"69.20/1 : Accounting, and auditing activities",69-20
sic,69-202,69.20/2 : Bookkeeping activities,69-20
sic,69-203,69.20/3 : Tax consultancy,69-20
sic,70,70 : Activities of head offices,M
sic,70-1,70.1 : Activities of head offices,70
sic,70-10,70.10 : Activities of head offices,70-1
sic,70-2,70.2 : Management consultancy activities,70
sic,70-21,70.21 : Public relations and communication activities,70-2
sic,70-22,70.22 : Business and other management consultancy activities,70-2
sic,70-221,70.22/1 : Fi*cial management,70-22
sic,70-229,70.22/9 : Management consultancy activities (other than fi*cial management),70-22
sic,71,71 : Architectural and engineering activities,M
sic,71-1,71.1 : Architectural and engineering activities and related technical consultancy,71
sic,71-11,71.11 : Architectural activities,71-1
sic,71-111,71.11/1 : Architectural activities,71-11
sic,71-112,71.11/2 : Urban planning and landscape architectural activities,71-11
sic,71-12,71.12 : Engineering activities and related technical consultancy,71-1
sic,71-121,71.12/1 : Engineering design activities for industrial process and production,71-12
sic,71-122,71.12/2 : Engineering related scientific and technical consulting activities,71-12
sic,71-129,71.12/9 : Other engineering activities (not including engineering design for industrial process and production or engineering related scientific and technical consulting activities),71-12
sic,71-2,71.2 : Technical testing and analysis,71
sic,71-20,71.20 : Technical testing and analysis,71-2
sic,72,72 : Scientific research and development,M
sic,72-1,72.1 : Research and experimental development on natural sciences and engineering,72
sic,72-11,72.11 : Research and experimental development on biotechnology,72-1
sic,72-19,72.19 : Other research and experimental development on natural sciences and engineering,72-1
sic,72-2,72.2 : Research and experimental development on social sciences and humanities,72
sic,72-20,72.20 : Research and experimental development on social sciences and humanities,72-2
sic,73,73 : Advertising and market research,M
sic,73-1,73.1 : Advertising,73
sic,73-11,73.11 : Advertising agencies,73-1
sic,73-12,73.12 : Media representation,73-1
sic,73-2,73.2 : Market research and public opinion polling,73
sic,73-20,73.20 : Market research and public opinion polling,73-2
sic,74,"74 : Other professional, scientific and technical activities",M
sic,74-1,74.1 : Specialised design activities,74
sic,74-10,74.10 : Specialised design activities,74-1
sic,74-2,74.2 : Photographic activities,74
sic,74-20,74.20 : Photographic activities,74-2
sic,74-201,74.20/1 : Portrait photographic activities,74-20
sic,74-202,74.20/2 : Other specialist photography (not including portrait photography),74-20
sic,74-203,74.20/3 : Film processing,74-20
sic,74-209,74.20/9 : Other photographic activities (not including portrait and other specialist photography and film processing) n.e.c.,74-20
sic,74-3,74.3 : Translation and interpretation activities,74
sic,74-30,74.30 : Translation and interpretation activities,74-3
sic,74-9,"74.9 : Other professional, scientific and technical activities n.e.c.",74
sic,74-90,"74.90 : Other professional, scientific and technical activities n.e.c.",74-9
sic,74-901,74.90/1 : Environmental consulting activities,74-90
sic,74-902,74.90/2 : Quantity surveying activities,74-90
sic,74-909,"74.90/9 : Other professional, scientific and technical activities (not including environmental consultancy or quantity surveying) n.e.c.",74-90
sic,75,75 : Veterinary activities,M
sic,75-0,75.0 : Veterinary activities,75
sic,75-00,75.00 : Veterinary activities,75-0
sic,N,N : Administrative and support service activities,total
sic,77,77 : Rental and leasing activities,N
sic,77-1,77.1 : Renting and leasing of motor vehicles,77
sic,77-11,77.11 : Renting and leasing of cars and light motor vehicles,77-1
sic,77-12,77.12 : Renting and leasing of trucks,77-1
sic,77-2,77.2 : Renting and leasing of personal and household goods,77
sic,77-21,77.21 : Renting and leasing of recreational and sports goods,77-2
sic,77-22,77.22 : Renting of video tapes and disks,77-2
sic,77-29,77.29 : Renting and leasing of other personal and household goods,77-2
sic,77-291,77.29/1 : Renting and leasing of media entertainment equipment,77-29
sic,77-299,77.29/9 : Renting and leasing of other personal and household goods (other than media entertainment equipment),77-29
sic,77-3,"77.3 : Renting and leasing of other machinery, equipment and tangible goods",77
sic,77-31,77.31 : Renting and leasing of agricultural machinery and equipment,77-3
sic,77-32,77.32 : Renting and leasing of construction and civil engineering machinery and equipment,77-3
sic,77-33,77.33 : Renting and leasing of office machinery and equipment (including computers),77-3
sic,77-34,77.34 : Renting and leasing of water transport equipment,77-3
sic,77-341,77.34/1 : Renting and leasing of passenger water transport equipment,77-34
sic,77-342,77.34/2 : Renting and leasing of freight water transport equipment,77-34
sic,77-35,77.35 : Renting and leasing of air transport equipment,77-3
sic,77-351,77.35/1 : Renting and leasing of passenger air transport equipment,77-35
sic,77-352,77.35/2 : Renting and leasing of freight air transport equipment,77-35
sic,77-39,"77.39 : Renting and leasing of other machinery, equipment and tangible goods n.e.c.",77-3
sic,77-4,"77.4 : Leasing of intellectual property and similar products, except copyrighted works",77
sic,77-40,"77.40 : Leasing of intellectual property and similar products, except copyrighted works",77-4
sic,78,78 : Employment activities,N
sic,78-1,78.1 : Activities of employment placement agencies,78
sic,78-10,78.10 : Activities of employment placement agencies,78-1
sic,78-101,"78.10/1 : Motion picture, television and other theatrical casting",78-10
sic,78-109,"78.10/9 : Activities of employment placement agencies (other than motion picture, television and other theatrical casting) n.e.c.",78-10
sic,78-2,78.2 : Temporary employment agency activities,78
sic,78-20,78.20 : Temporary employment agency activities,78-2
sic,78-3,78.3 : Other human resources provision,78
sic,78-30,78.30 : Other human resources provision,78-3
sic,79,"79 : Travel agency, tour operator and other reservation service and related activities",N
sic,79-1,79.1 : Travel agency and tour operator activities,79
sic,79-11,79.11 : Travel agency activities,79-1
sic,79-12,79.12 : Tour operator activities,79-1
sic,79-9,79.9 : Other reservation service and related activities,79
sic,79-90,79.90 : Other reservation service and related activities,79-9
sic,79-901,79.90/1 : Activities of tourist guides,79-90
sic,79-909,79.90/9 : Other reservation service and related activities (not including activities of tourist guides),79-90
sic,80,80 : Security and investigation activities,N
sic,80-1,80.1 : Private security activities,80
sic,80-10,80.10 : Private security activities,80-1
sic,80-2,80.2 : Security systems service activities,80
sic,80-20,80.20 : Security systems service activities,80-2
sic,80-3,80.3 : Investigation activities,80
sic,80-30,80.30 : Investigation activities,80-3
sic,81,81 : Services to buildings and landscape activities,N
sic,81-1,81.1 : Combined facilities support activities,81
sic,81-10,81.10 : Combined facilities support activities,81-1
sic,81-2,81.2 : Cleaning activities,81
sic,81-21,81.21 : General cleaning of buildings,81-2
sic,81-22,81.22 : Other building and industrial cleaning activities,81-2
sic,81-221,81.22/1 : Window cleaning services,81-22
sic,81-222,81.22/2 : Specialised cleaning services,81-22
sic,81-223,81.22/3 : Furnace and chimney cleaning services,81-22
sic,81-229,"81.22/9 : Building and industrial cleaning activities (other than window cleaning, specialised cleaning and furnace and chimney cleaning services) n.e.c.",81-22
sic,81-29,81.29 : Other cleaning activities,81-2
sic,81-291,81.29/1 : Disinfecting and extermination services,81-29
sic,81-299,81.29/9 : Cleaning services (other than disinfecting and extermination services) n.e.c.,81-29
sic,81-3,81.3 : Landscape service activities,81
sic,81-30,81.30 : Landscape service activities,81-3
sic,82,"82 : Office administrative, office support and other business support activities",N
sic,82-1,82.1 : Office administrative and support activities,82
sic,82-11,82.11 : Combined office administrative service activities,82-1
sic,82-19,"82.19 : Photocopying, document preparation and other specialised office support activities",82-1
sic,82-2,82.2 : Activities of call centres,82
sic,82-20,82.20 : Activities of call centres,82-2
sic,82-3,82.3 : Organisation of conventions and trade shows,82
sic,82-30,82.30 : Organisation of conventions and trade shows,82-3
sic,82-301,82.30/1 : Activities of exhibition and fair organizers,82-30
sic,82-302,82.30/2 : Activities of conference organizers,82-30
sic,82-9,82.9 : Business support service activities n.e.c.,82
sic,82-91,82.91 : Activities of collection agencies and credit bureaus,82-9
sic,82-911,82.91/1 : Activities of collection agencies,82-91
sic,82-912,82.91/2 : Activities of credit bureaus,82-91
sic,82-92,82.92 : Packaging activities,82-9
sic,82-99,82.99 : Other business support service activities n.e.c.,82-9
sic,O,O : Public administration and defence,total
sic,84,84 : Public administration and defence,O
sic,84-1,84.1 : Administration of the state and the economic and social policy of the community,84
sic,84-11,84.11 : General public administration activities,84-1
sic,84-12,"84.12 : Regulation of the activities of providing health care, education, cultural services and other social services, excluding social security",84-1
sic,84-13,84.13 : Regulation of and contribution to more efficient operation of businesses,84-1
sic,84-2,84.2 : Provision of services to the community as a whole,84
sic,84-21,84.21 : Foreign affairs,84-2
sic,84-22,84.22 : Defence activities,84-2
sic,84-23,84.23 : Justice and judicial activities,84-2
sic,84-24,84.24 : Public order and safety activities,84-2
sic,84-25,84.25 : Fire service activities,84-2
sic,84-3,84.3 : Compulsory social security activities,84
sic,84-30,84.30 : Compulsory social security activities,84-3
sic,P,P : Education,total
sic,85,85 : Education,P
sic,85-1,85.1 : Pre-primary education,85
sic,85-10,85.10 : Pre-primary education,85-1
sic,85-2,85.2 : Primary education,85
sic,85-20,85.20 : Primary education,85-2
sic,85-3,85.3 : Secondary education,85
sic,85-31,85.31 : General secondary education,85-3
sic,85-32,85.32 : Technical and vocational secondary education,85-3
sic,85-4,85.4 : Higher education,85
sic,85-41,85.41 : Post-secondary non-tertiary education,85-4
sic,85-42,85.42 : Tertiary education,85-4
sic,85-421,85.42/1 : First-degree level higher education,85-42
sic,85-422,85.42/2 : Post-graduate level higher education,85-42
sic,85-5,85.5 : Other education,85
sic,85-51,85.51 : Sports and recreation education,85-5
sic,85-52,85.52 : Cultural education,85-5
sic,85-53,85.53 : Driving school activities,85-5
sic,85-59,85.59 : Other education n.e.c.,85-5
sic,85-6,85.6 : Educational support activities,85
sic,85-60,85.60 : Educational support activities,85-6
sic,Q,Q : Human health and social work activities,total
sic,86,86 : Human health activities,Q
sic,86-1,86.1 : Hospital activities,86
sic,86-10,86.10 : Hospital activities,86-1
sic,86-101,86.10/1 : Hospital activities,86-10
sic,86-102,86.10/2 : Medical nursing home activities,86-10
sic,86-2,86.2 : Medical and dental practice activities,86
sic,86-21,86.21 : General medical practice activities,86-2
sic,86-22,86.22 : Specialist medical practice activities,86-2
sic,86-23,86.23 : Dental practice activities,86-2
sic,86-9,86.9 : Other human health activities,86
sic,86-90,86.90 : Other human health activities,86-9
sic,87,87 : Residential care activities,Q
sic,87-1,87.1 : Residential nursing care activities,87
sic,87-10,87.10 : Residential nursing care activities,87-1
sic,87-2,"87.2 : Residential care activities for learning disabilities, mental health and substance abuse",87
sic,87-20,"87.20 : Residential care activities for learning disabilities, mental health and substance abuse",87-2
sic,87-3,87.3 : Residential care activities for the elderly and disabled,87
sic,87-30,87.30 : Residential care activities for the elderly and disabled,87-3
sic,87-9,87.9 : Other residential care activities,87
sic,87-90,87.90 : Other residential care activities,87-9
sic,88,88 : Social work activities without accommodation,Q
sic,88-1,88.1 : Social work activities without accommodation for the elderly and disabled,88
sic,88-10,88.10 : Social work activities without accommodation for the elderly and disabled,88-1
sic,88-9,88.9 : Other social work activities without accommodation,88
sic,88-91,88.91 : Child day-care activities,88-9
sic,88-99,88.99 : Other social work activities without accommodation n.e.c.,88-9
sic,R,"R : Arts, entertainment and recreation",total
sic,90,"90 : Creative, arts and entertainment activities",R
sic,90-0,"90.0 : Creative, arts and entertainment activities",90
sic,90-01,90.01 : Performing arts,90-0
sic,90-02,90.02 : Support activities to performing arts,90-0
sic,90-03,90.03 : Artistic creation,90-0
sic,90-04,90.04 : Operation of arts facilities,90-0
sic,91,"91 : Libraries, archives, museums and other cultural activities",R
sic,91-0,"91.0 : Libraries, archives, museums and other cultural activities",91
sic,91-01,91.01 : Library and archive activities,91-0
sic,91-011,91.01/1 : Library activities,91-01
sic,91-012,91.01/2 : Archive activities,91-01
sic,91-02,91.02 : Museum activities,91-0
sic,91-03,91.03 : Operation of historical sites and buildings and similar visitor attractions,91-0
sic,91-04,91.04 : Botanical and zoological gardens and nature reserve activities,91-0
sic,92,92 : Gambling and betting activities,R
sic,92-0,92.0 : Gambling and betting activities,92
sic,92-00,92.00 : Gambling and betting activities,92-0
sic,93,93 : Sports activities and amusement and recreation activities,R
sic,93-1,93.1 : Sports activities,93
sic,93-11,93.11 : Operation of sports facilities,93-1
sic,93-12,93.12 : Activities of sport clubs,93-1
sic,93-13,93.13 : Fitness facilities,93-1
sic,93-19,93.19 : Other sports activities,93-1
sic,93-191,93.19/1 : Activities of racehorse owners,93-19
sic,93-199,93.19/9 : Other sports activities (not including activities of racehorse owners) n.e.c.,93-19
sic,93-2,93.2 : Amusement and recreation activities,93
sic,93-21,93.21 : Activities of amusement parks and theme parks,93-2
sic,93-29,93.29 : Other amusement and recreation activities,93-2
sic,S,S : Other service activities,total
sic,94,94 : Activities of membership organisations,S
sic,94-1,"94.1 : Activities of business, employers and professional membership organisations",94
sic,94-11,94.11 : Activities of business and employers membership organisations,94-1
sic,94-12,94.12 : Activities of professional membership organisations,94-1
sic,94-2,94.2 : Activities of trade unions,94
sic,94-20,94.20 : Activities of trade unions,94-2
sic,94-9,94.9 : Activities of other membership organisations,94
sic,94-91,94.91 : Activities of religious organisations,94-9
sic,94-92,94.92 : Activities of political organisations,94-9
sic,94-99,94.99 : Activities of other membership organisations n.e.c.,94-9
sic,95,95 : Repair of computers and personal and household goods,S
sic,95-1,95.1 : Repair of computers and communication equipment,95
sic,95-11,95.11 : Repair of computers and peripheral equipment,95-1
sic,95-12,95.12 : Repair of communication equipment,95-1
sic,95-2,95.2 : Repair of personal and household goods,95
sic,95-21,95.21 : Repair of consumer electronics,95-2
sic,95-22,95.22 : Repair of household appliances and home and garden equipment,95-2
sic,95-23,95.23 : Repair of footwear and leather goods,95-2
sic,95-24,95.24 : Repair of furniture and home furnishings,95-2
sic,95-25,"95.25 : Repair of watches, clocks and jewellery",95-2
sic,95-29,95.29 : Repair of other personal and household goods,95-2
sic,96,96 : Other personal service activities,S
sic,96-0,96.0 : Other personal service activities,96
sic,96-01,96.01 : Washing and (dry-)cleaning of textile and fur products,96-0
sic,96-02,96.02 : Hairdressing and other beauty treatment,96-0
sic,96-03,96.03 : Funeral and related activities,96-0
sic,96-04,96.04 : Physical well-being activities,96-0
sic,96-09,96.09 : Other personal service activities n.e.c.,96-0
sic,T,T : Activities of households as employers,total
sic,97,97 : Activities of households as employers of domestic personnel,T
sic,97-0,97.0 : Activities of households as employers of domestic personnel,97
sic,97-00,97.00 : Activities of households as employers of domestic personnel,97-0
sic,98,98 : Undifferentiated goods- and services-producing activities of private households for own use,T
sic,98-1,98.1 : Undifferentiated goods-producing activities of private households for own use,98
sic,98-10,98.10 : Undifferentiated goods-producing activities of private households for own use,98-1
sic,98-2,98.2 : Undifferentiated service-producing activities of private households for own use,98
sic,98-20,98.20 : Undifferentiated service-producing activities of private households for own use,98-2
sic,U,U : Activities of extraterritorial organisations and bodies,total
sic,99,99 : Activities of extraterritorial organisations and bodies,U
sic,99-0,99.0 : Activities of extraterritorial organisations and bodies,99
sic,99-00,99.00 : Activities of extraterritorial organisations and bodies,99-0
sic,total,Total,
